date_id,date,year,month,day,weekday
1,01-01-2019,2019,1,1,Tuesday
2,02-01-2019,2019,1,2,Wednesday
3,03-01-2019,2019,1,3,Thursday
4,04-01-2019,2019,1,4,Friday
5,05-01-2019,2019,1,5,Saturday
6,06-01-2019,2019,1,6,Sunday
7,07-01-2019,2019,1,7,Monday
8,08-01-2019,2019,1,8,Tuesday
9,09-01-2019,2019,1,9,Wednesday
10,10-01-2019,2019,1,10,Thursday
11,11-01-2019,2019,1,11,Friday
12,12-01-2019,2019,1,12,Saturday
13,13-01-2019,2019,1,13,Sunday
14,14-01-2019,2019,1,14,Monday
15,15-01-2019,2019,1,15,Tuesday
16,16-01-2019,2019,1,16,Wednesday
17,17-01-2019,2019,1,17,Thursday
18,18-01-2019,2019,1,18,Friday
19,19-01-2019,2019,1,19,Saturday
20,20-01-2019,2019,1,20,Sunday
21,21-01-2019,2019,1,21,Monday
22,22-01-2019,2019,1,22,Tuesday
23,23-01-2019,2019,1,23,Wednesday
24,24-01-2019,2019,1,24,Thursday
25,25-01-2019,2019,1,25,Friday
26,26-01-2019,2019,1,26,Saturday
27,27-01-2019,2019,1,27,Sunday
28,28-01-2019,2019,1,28,Monday
29,29-01-2019,2019,1,29,Tuesday
30,30-01-2019,2019,1,30,Wednesday
31,31-01-2019,2019,1,31,Thursday
32,01-02-2019,2019,2,1,Friday
33,02-02-2019,2019,2,2,Saturday
34,03-02-2019,2019,2,3,Sunday
35,04-02-2019,2019,2,4,Monday
36,05-02-2019,2019,2,5,Tuesday
37,06-02-2019,2019,2,6,Wednesday
38,07-02-2019,2019,2,7,Thursday
39,08-02-2019,2019,2,8,Friday
40,09-02-2019,2019,2,9,Saturday
41,10-02-2019,2019,2,10,Sunday
42,11-02-2019,2019,2,11,Monday
43,12-02-2019,2019,2,12,Tuesday
44,13-02-2019,2019,2,13,Wednesday
45,14-02-2019,2019,2,14,Thursday
46,15-02-2019,2019,2,15,Friday
47,16-02-2019,2019,2,16,Saturday
48,17-02-2019,2019,2,17,Sunday
49,18-02-2019,2019,2,18,Monday
50,19-02-2019,2019,2,19,Tuesday
51,20-02-2019,2019,2,20,Wednesday
52,21-02-2019,2019,2,21,Thursday
53,22-02-2019,2019,2,22,Friday
54,23-02-2019,2019,2,23,Saturday
55,24-02-2019,2019,2,24,Sunday
56,25-02-2019,2019,2,25,Monday
57,26-02-2019,2019,2,26,Tuesday
58,27-02-2019,2019,2,27,Wednesday
59,28-02-2019,2019,2,28,Thursday
60,01-03-2019,2019,3,1,Friday
61,02-03-2019,2019,3,2,Saturday
62,03-03-2019,2019,3,3,Sunday
63,04-03-2019,2019,3,4,Monday
64,05-03-2019,2019,3,5,Tuesday
65,06-03-2019,2019,3,6,Wednesday
66,07-03-2019,2019,3,7,Thursday
67,08-03-2019,2019,3,8,Friday
68,09-03-2019,2019,3,9,Saturday
69,10-03-2019,2019,3,10,Sunday
70,11-03-2019,2019,3,11,Monday
71,12-03-2019,2019,3,12,Tuesday
72,13-03-2019,2019,3,13,Wednesday
73,14-03-2019,2019,3,14,Thursday
74,15-03-2019,2019,3,15,Friday
75,16-03-2019,2019,3,16,Saturday
76,17-03-2019,2019,3,17,Sunday
77,18-03-2019,2019,3,18,Monday
78,19-03-2019,2019,3,19,Tuesday
79,20-03-2019,2019,3,20,Wednesday
80,21-03-2019,2019,3,21,Thursday
81,22-03-2019,2019,3,22,Friday
82,23-03-2019,2019,3,23,Saturday
83,24-03-2019,2019,3,24,Sunday
84,25-03-2019,2019,3,25,Monday
85,26-03-2019,2019,3,26,Tuesday
86,27-03-2019,2019,3,27,Wednesday
87,28-03-2019,2019,3,28,Thursday
88,29-03-2019,2019,3,29,Friday
89,30-03-2019,2019,3,30,Saturday
90,31-03-2019,2019,3,31,Sunday
91,01-04-2019,2019,4,1,Monday
92,02-04-2019,2019,4,2,Tuesday
93,03-04-2019,2019,4,3,Wednesday
94,04-04-2019,2019,4,4,Thursday
95,05-04-2019,2019,4,5,Friday
96,06-04-2019,2019,4,6,Saturday
97,07-04-2019,2019,4,7,Sunday
98,08-04-2019,2019,4,8,Monday
99,09-04-2019,2019,4,9,Tuesday
100,10-04-2019,2019,4,10,Wednesday
101,11-04-2019,2019,4,11,Thursday
102,12-04-2019,2019,4,12,Friday
103,13-04-2019,2019,4,13,Saturday
104,14-04-2019,2019,4,14,Sunday
105,15-04-2019,2019,4,15,Monday
106,16-04-2019,2019,4,16,Tuesday
107,17-04-2019,2019,4,17,Wednesday
108,18-04-2019,2019,4,18,Thursday
109,19-04-2019,2019,4,19,Friday
110,20-04-2019,2019,4,20,Saturday
111,21-04-2019,2019,4,21,Sunday
112,22-04-2019,2019,4,22,Monday
113,23-04-2019,2019,4,23,Tuesday
114,24-04-2019,2019,4,24,Wednesday
115,25-04-2019,2019,4,25,Thursday
116,26-04-2019,2019,4,26,Friday
117,27-04-2019,2019,4,27,Saturday
118,28-04-2019,2019,4,28,Sunday
119,29-04-2019,2019,4,29,Monday
120,30-04-2019,2019,4,30,Tuesday
121,01-05-2019,2019,5,1,Wednesday
122,02-05-2019,2019,5,2,Thursday
123,03-05-2019,2019,5,3,Friday
124,04-05-2019,2019,5,4,Saturday
125,05-05-2019,2019,5,5,Sunday
126,06-05-2019,2019,5,6,Monday
127,07-05-2019,2019,5,7,Tuesday
128,08-05-2019,2019,5,8,Wednesday
129,09-05-2019,2019,5,9,Thursday
130,10-05-2019,2019,5,10,Friday
131,11-05-2019,2019,5,11,Saturday
132,12-05-2019,2019,5,12,Sunday
133,13-05-2019,2019,5,13,Monday
134,14-05-2019,2019,5,14,Tuesday
135,15-05-2019,2019,5,15,Wednesday
136,16-05-2019,2019,5,16,Thursday
137,17-05-2019,2019,5,17,Friday
138,18-05-2019,2019,5,18,Saturday
139,19-05-2019,2019,5,19,Sunday
140,20-05-2019,2019,5,20,Monday
141,21-05-2019,2019,5,21,Tuesday
142,22-05-2019,2019,5,22,Wednesday
143,23-05-2019,2019,5,23,Thursday
144,24-05-2019,2019,5,24,Friday
145,25-05-2019,2019,5,25,Saturday
146,26-05-2019,2019,5,26,Sunday
147,27-05-2019,2019,5,27,Monday
148,28-05-2019,2019,5,28,Tuesday
149,29-05-2019,2019,5,29,Wednesday
150,30-05-2019,2019,5,30,Thursday
151,31-05-2019,2019,5,31,Friday
152,01-06-2019,2019,6,1,Saturday
153,02-06-2019,2019,6,2,Sunday
154,03-06-2019,2019,6,3,Monday
155,04-06-2019,2019,6,4,Tuesday
156,05-06-2019,2019,6,5,Wednesday
157,06-06-2019,2019,6,6,Thursday
158,07-06-2019,2019,6,7,Friday
159,08-06-2019,2019,6,8,Saturday
160,09-06-2019,2019,6,9,Sunday
161,10-06-2019,2019,6,10,Monday
162,11-06-2019,2019,6,11,Tuesday
163,12-06-2019,2019,6,12,Wednesday
164,13-06-2019,2019,6,13,Thursday
165,14-06-2019,2019,6,14,Friday
166,15-06-2019,2019,6,15,Saturday
167,16-06-2019,2019,6,16,Sunday
168,17-06-2019,2019,6,17,Monday
169,18-06-2019,2019,6,18,Tuesday
170,19-06-2019,2019,6,19,Wednesday
171,20-06-2019,2019,6,20,Thursday
172,21-06-2019,2019,6,21,Friday
173,22-06-2019,2019,6,22,Saturday
174,23-06-2019,2019,6,23,Sunday
175,24-06-2019,2019,6,24,Monday
176,25-06-2019,2019,6,25,Tuesday
177,26-06-2019,2019,6,26,Wednesday
178,27-06-2019,2019,6,27,Thursday
179,28-06-2019,2019,6,28,Friday
180,29-06-2019,2019,6,29,Saturday
181,30-06-2019,2019,6,30,Sunday
182,01-07-2019,2019,7,1,Monday
183,02-07-2019,2019,7,2,Tuesday
184,03-07-2019,2019,7,3,Wednesday
185,04-07-2019,2019,7,4,Thursday
186,05-07-2019,2019,7,5,Friday
187,06-07-2019,2019,7,6,Saturday
188,07-07-2019,2019,7,7,Sunday
189,08-07-2019,2019,7,8,Monday
190,09-07-2019,2019,7,9,Tuesday
191,10-07-2019,2019,7,10,Wednesday
192,11-07-2019,2019,7,11,Thursday
193,12-07-2019,2019,7,12,Friday
194,13-07-2019,2019,7,13,Saturday
195,14-07-2019,2019,7,14,Sunday
196,15-07-2019,2019,7,15,Monday
197,16-07-2019,2019,7,16,Tuesday
198,17-07-2019,2019,7,17,Wednesday
199,18-07-2019,2019,7,18,Thursday
200,19-07-2019,2019,7,19,Friday
201,20-07-2019,2019,7,20,Saturday
202,21-07-2019,2019,7,21,Sunday
203,22-07-2019,2019,7,22,Monday
204,23-07-2019,2019,7,23,Tuesday
205,24-07-2019,2019,7,24,Wednesday
206,25-07-2019,2019,7,25,Thursday
207,26-07-2019,2019,7,26,Friday
208,27-07-2019,2019,7,27,Saturday
209,28-07-2019,2019,7,28,Sunday
210,29-07-2019,2019,7,29,Monday
211,30-07-2019,2019,7,30,Tuesday
212,31-07-2019,2019,7,31,Wednesday
213,01-08-2019,2019,8,1,Thursday
214,02-08-2019,2019,8,2,Friday
215,03-08-2019,2019,8,3,Saturday
216,04-08-2019,2019,8,4,Sunday
217,05-08-2019,2019,8,5,Monday
218,06-08-2019,2019,8,6,Tuesday
219,07-08-2019,2019,8,7,Wednesday
220,08-08-2019,2019,8,8,Thursday
221,09-08-2019,2019,8,9,Friday
222,10-08-2019,2019,8,10,Saturday
223,11-08-2019,2019,8,11,Sunday
224,12-08-2019,2019,8,12,Monday
225,13-08-2019,2019,8,13,Tuesday
226,14-08-2019,2019,8,14,Wednesday
227,15-08-2019,2019,8,15,Thursday
228,16-08-2019,2019,8,16,Friday
229,17-08-2019,2019,8,17,Saturday
230,18-08-2019,2019,8,18,Sunday
231,19-08-2019,2019,8,19,Monday
232,20-08-2019,2019,8,20,Tuesday
233,21-08-2019,2019,8,21,Wednesday
234,22-08-2019,2019,8,22,Thursday
235,23-08-2019,2019,8,23,Friday
236,24-08-2019,2019,8,24,Saturday
237,25-08-2019,2019,8,25,Sunday
238,26-08-2019,2019,8,26,Monday
239,27-08-2019,2019,8,27,Tuesday
240,28-08-2019,2019,8,28,Wednesday
241,29-08-2019,2019,8,29,Thursday
242,30-08-2019,2019,8,30,Friday
243,31-08-2019,2019,8,31,Saturday
244,01-09-2019,2019,9,1,Sunday
245,02-09-2019,2019,9,2,Monday
246,03-09-2019,2019,9,3,Tuesday
247,04-09-2019,2019,9,4,Wednesday
248,05-09-2019,2019,9,5,Thursday
249,06-09-2019,2019,9,6,Friday
250,07-09-2019,2019,9,7,Saturday
251,08-09-2019,2019,9,8,Sunday
252,09-09-2019,2019,9,9,Monday
253,10-09-2019,2019,9,10,Tuesday
254,11-09-2019,2019,9,11,Wednesday
255,12-09-2019,2019,9,12,Thursday
256,13-09-2019,2019,9,13,Friday
257,14-09-2019,2019,9,14,Saturday
258,15-09-2019,2019,9,15,Sunday
259,16-09-2019,2019,9,16,Monday
260,17-09-2019,2019,9,17,Tuesday
261,18-09-2019,2019,9,18,Wednesday
262,19-09-2019,2019,9,19,Thursday
263,20-09-2019,2019,9,20,Friday
264,21-09-2019,2019,9,21,Saturday
265,22-09-2019,2019,9,22,Sunday
266,23-09-2019,2019,9,23,Monday
267,24-09-2019,2019,9,24,Tuesday
268,25-09-2019,2019,9,25,Wednesday
269,26-09-2019,2019,9,26,Thursday
270,27-09-2019,2019,9,27,Friday
271,28-09-2019,2019,9,28,Saturday
272,29-09-2019,2019,9,29,Sunday
273,30-09-2019,2019,9,30,Monday
274,01-10-2019,2019,10,1,Tuesday
275,02-10-2019,2019,10,2,Wednesday
276,03-10-2019,2019,10,3,Thursday
277,04-10-2019,2019,10,4,Friday
278,05-10-2019,2019,10,5,Saturday
279,06-10-2019,2019,10,6,Sunday
280,07-10-2019,2019,10,7,Monday
281,08-10-2019,2019,10,8,Tuesday
282,09-10-2019,2019,10,9,Wednesday
283,10-10-2019,2019,10,10,Thursday
284,11-10-2019,2019,10,11,Friday
285,12-10-2019,2019,10,12,Saturday
286,13-10-2019,2019,10,13,Sunday
287,14-10-2019,2019,10,14,Monday
288,15-10-2019,2019,10,15,Tuesday
289,16-10-2019,2019,10,16,Wednesday
290,17-10-2019,2019,10,17,Thursday
291,18-10-2019,2019,10,18,Friday
292,19-10-2019,2019,10,19,Saturday
293,20-10-2019,2019,10,20,Sunday
294,21-10-2019,2019,10,21,Monday
295,22-10-2019,2019,10,22,Tuesday
296,23-10-2019,2019,10,23,Wednesday
297,24-10-2019,2019,10,24,Thursday
298,25-10-2019,2019,10,25,Friday
299,26-10-2019,2019,10,26,Saturday
300,27-10-2019,2019,10,27,Sunday
301,28-10-2019,2019,10,28,Monday
302,29-10-2019,2019,10,29,Tuesday
303,30-10-2019,2019,10,30,Wednesday
304,31-10-2019,2019,10,31,Thursday
305,01-11-2019,2019,11,1,Friday
306,02-11-2019,2019,11,2,Saturday
307,03-11-2019,2019,11,3,Sunday
308,04-11-2019,2019,11,4,Monday
309,05-11-2019,2019,11,5,Tuesday
310,06-11-2019,2019,11,6,Wednesday
311,07-11-2019,2019,11,7,Thursday
312,08-11-2019,2019,11,8,Friday
313,09-11-2019,2019,11,9,Saturday
314,10-11-2019,2019,11,10,Sunday
315,11-11-2019,2019,11,11,Monday
316,12-11-2019,2019,11,12,Tuesday
317,13-11-2019,2019,11,13,Wednesday
318,14-11-2019,2019,11,14,Thursday
319,15-11-2019,2019,11,15,Friday
320,16-11-2019,2019,11,16,Saturday
321,17-11-2019,2019,11,17,Sunday
322,18-11-2019,2019,11,18,Monday
323,19-11-2019,2019,11,19,Tuesday
324,20-11-2019,2019,11,20,Wednesday
325,21-11-2019,2019,11,21,Thursday
326,22-11-2019,2019,11,22,Friday
327,23-11-2019,2019,11,23,Saturday
328,24-11-2019,2019,11,24,Sunday
329,25-11-2019,2019,11,25,Monday
330,26-11-2019,2019,11,26,Tuesday
331,27-11-2019,2019,11,27,Wednesday
332,28-11-2019,2019,11,28,Thursday
333,29-11-2019,2019,11,29,Friday
334,30-11-2019,2019,11,30,Saturday
335,01-12-2019,2019,12,1,Sunday
336,02-12-2019,2019,12,2,Monday
337,03-12-2019,2019,12,3,Tuesday
338,04-12-2019,2019,12,4,Wednesday
339,05-12-2019,2019,12,5,Thursday
340,06-12-2019,2019,12,6,Friday
341,07-12-2019,2019,12,7,Saturday
342,08-12-2019,2019,12,8,Sunday
343,09-12-2019,2019,12,9,Monday
344,10-12-2019,2019,12,10,Tuesday
345,11-12-2019,2019,12,11,Wednesday
346,12-12-2019,2019,12,12,Thursday
347,13-12-2019,2019,12,13,Friday
348,14-12-2019,2019,12,14,Saturday
349,15-12-2019,2019,12,15,Sunday
350,16-12-2019,2019,12,16,Monday
351,17-12-2019,2019,12,17,Tuesday
352,18-12-2019,2019,12,18,Wednesday
353,19-12-2019,2019,12,19,Thursday
354,20-12-2019,2019,12,20,Friday
355,21-12-2019,2019,12,21,Saturday
356,22-12-2019,2019,12,22,Sunday
357,23-12-2019,2019,12,23,Monday
358,24-12-2019,2019,12,24,Tuesday
359,25-12-2019,2019,12,25,Wednesday
360,26-12-2019,2019,12,26,Thursday
361,27-12-2019,2019,12,27,Friday
362,28-12-2019,2019,12,28,Saturday
363,29-12-2019,2019,12,29,Sunday
364,30-12-2019,2019,12,30,Monday
365,31-12-2019,2019,12,31,Tuesday
366,01-01-2020,2020,1,1,Wednesday
367,02-01-2020,2020,1,2,Thursday
368,03-01-2020,2020,1,3,Friday
369,04-01-2020,2020,1,4,Saturday
370,05-01-2020,2020,1,5,Sunday
371,06-01-2020,2020,1,6,Monday
372,07-01-2020,2020,1,7,Tuesday
373,08-01-2020,2020,1,8,Wednesday
374,09-01-2020,2020,1,9,Thursday
375,10-01-2020,2020,1,10,Friday
376,11-01-2020,2020,1,11,Saturday
377,12-01-2020,2020,1,12,Sunday
378,13-01-2020,2020,1,13,Monday
379,14-01-2020,2020,1,14,Tuesday
380,15-01-2020,2020,1,15,Wednesday
381,16-01-2020,2020,1,16,Thursday
382,17-01-2020,2020,1,17,Friday
383,18-01-2020,2020,1,18,Saturday
384,19-01-2020,2020,1,19,Sunday
385,20-01-2020,2020,1,20,Monday
386,21-01-2020,2020,1,21,Tuesday
387,22-01-2020,2020,1,22,Wednesday
388,23-01-2020,2020,1,23,Thursday
389,24-01-2020,2020,1,24,Friday
390,25-01-2020,2020,1,25,Saturday
391,26-01-2020,2020,1,26,Sunday
392,27-01-2020,2020,1,27,Monday
393,28-01-2020,2020,1,28,Tuesday
394,29-01-2020,2020,1,29,Wednesday
395,30-01-2020,2020,1,30,Thursday
396,31-01-2020,2020,1,31,Friday
397,01-02-2020,2020,2,1,Saturday
398,02-02-2020,2020,2,2,Sunday
399,03-02-2020,2020,2,3,Monday
400,04-02-2020,2020,2,4,Tuesday
401,05-02-2020,2020,2,5,Wednesday
402,06-02-2020,2020,2,6,Thursday
403,07-02-2020,2020,2,7,Friday
404,08-02-2020,2020,2,8,Saturday
405,09-02-2020,2020,2,9,Sunday
406,10-02-2020,2020,2,10,Monday
407,11-02-2020,2020,2,11,Tuesday
408,12-02-2020,2020,2,12,Wednesday
409,13-02-2020,2020,2,13,Thursday
410,14-02-2020,2020,2,14,Friday
411,15-02-2020,2020,2,15,Saturday
412,16-02-2020,2020,2,16,Sunday
413,17-02-2020,2020,2,17,Monday
414,18-02-2020,2020,2,18,Tuesday
415,19-02-2020,2020,2,19,Wednesday
416,20-02-2020,2020,2,20,Thursday
417,21-02-2020,2020,2,21,Friday
418,22-02-2020,2020,2,22,Saturday
419,23-02-2020,2020,2,23,Sunday
420,24-02-2020,2020,2,24,Monday
421,25-02-2020,2020,2,25,Tuesday
422,26-02-2020,2020,2,26,Wednesday
423,27-02-2020,2020,2,27,Thursday
424,28-02-2020,2020,2,28,Friday
425,29-02-2020,2020,2,29,Saturday
426,01-03-2020,2020,3,1,Sunday
427,02-03-2020,2020,3,2,Monday
428,03-03-2020,2020,3,3,Tuesday
429,04-03-2020,2020,3,4,Wednesday
430,05-03-2020,2020,3,5,Thursday
431,06-03-2020,2020,3,6,Friday
432,07-03-2020,2020,3,7,Saturday
433,08-03-2020,2020,3,8,Sunday
434,09-03-2020,2020,3,9,Monday
435,10-03-2020,2020,3,10,Tuesday
436,11-03-2020,2020,3,11,Wednesday
437,12-03-2020,2020,3,12,Thursday
438,13-03-2020,2020,3,13,Friday
439,14-03-2020,2020,3,14,Saturday
440,15-03-2020,2020,3,15,Sunday
441,16-03-2020,2020,3,16,Monday
442,17-03-2020,2020,3,17,Tuesday
443,18-03-2020,2020,3,18,Wednesday
444,19-03-2020,2020,3,19,Thursday
445,20-03-2020,2020,3,20,Friday
446,21-03-2020,2020,3,21,Saturday
447,22-03-2020,2020,3,22,Sunday
448,23-03-2020,2020,3,23,Monday
449,24-03-2020,2020,3,24,Tuesday
450,25-03-2020,2020,3,25,Wednesday
451,26-03-2020,2020,3,26,Thursday
452,27-03-2020,2020,3,27,Friday
453,28-03-2020,2020,3,28,Saturday
454,29-03-2020,2020,3,29,Sunday
455,30-03-2020,2020,3,30,Monday
456,31-03-2020,2020,3,31,Tuesday
457,01-04-2020,2020,4,1,Wednesday
458,02-04-2020,2020,4,2,Thursday
459,03-04-2020,2020,4,3,Friday
460,04-04-2020,2020,4,4,Saturday
461,05-04-2020,2020,4,5,Sunday
462,06-04-2020,2020,4,6,Monday
463,07-04-2020,2020,4,7,Tuesday
464,08-04-2020,2020,4,8,Wednesday
465,09-04-2020,2020,4,9,Thursday
466,10-04-2020,2020,4,10,Friday
467,11-04-2020,2020,4,11,Saturday
468,12-04-2020,2020,4,12,Sunday
469,13-04-2020,2020,4,13,Monday
470,14-04-2020,2020,4,14,Tuesday
471,15-04-2020,2020,4,15,Wednesday
472,16-04-2020,2020,4,16,Thursday
473,17-04-2020,2020,4,17,Friday
474,18-04-2020,2020,4,18,Saturday
475,19-04-2020,2020,4,19,Sunday
476,20-04-2020,2020,4,20,Monday
477,21-04-2020,2020,4,21,Tuesday
478,22-04-2020,2020,4,22,Wednesday
479,23-04-2020,2020,4,23,Thursday
480,24-04-2020,2020,4,24,Friday
481,25-04-2020,2020,4,25,Saturday
482,26-04-2020,2020,4,26,Sunday
483,27-04-2020,2020,4,27,Monday
484,28-04-2020,2020,4,28,Tuesday
485,29-04-2020,2020,4,29,Wednesday
486,30-04-2020,2020,4,30,Thursday
487,01-05-2020,2020,5,1,Friday
488,02-05-2020,2020,5,2,Saturday
489,03-05-2020,2020,5,3,Sunday
490,04-05-2020,2020,5,4,Monday
491,05-05-2020,2020,5,5,Tuesday
492,06-05-2020,2020,5,6,Wednesday
493,07-05-2020,2020,5,7,Thursday
494,08-05-2020,2020,5,8,Friday
495,09-05-2020,2020,5,9,Saturday
496,10-05-2020,2020,5,10,Sunday
497,11-05-2020,2020,5,11,Monday
498,12-05-2020,2020,5,12,Tuesday
499,13-05-2020,2020,5,13,Wednesday
500,14-05-2020,2020,5,14,Thursday
501,15-05-2020,2020,5,15,Friday
502,16-05-2020,2020,5,16,Saturday
503,17-05-2020,2020,5,17,Sunday
504,18-05-2020,2020,5,18,Monday
505,19-05-2020,2020,5,19,Tuesday
506,20-05-2020,2020,5,20,Wednesday
507,21-05-2020,2020,5,21,Thursday
508,22-05-2020,2020,5,22,Friday
509,23-05-2020,2020,5,23,Saturday
510,24-05-2020,2020,5,24,Sunday
511,25-05-2020,2020,5,25,Monday
512,26-05-2020,2020,5,26,Tuesday
513,27-05-2020,2020,5,27,Wednesday
514,28-05-2020,2020,5,28,Thursday
515,29-05-2020,2020,5,29,Friday
516,30-05-2020,2020,5,30,Saturday
517,31-05-2020,2020,5,31,Sunday
518,01-06-2020,2020,6,1,Monday
519,02-06-2020,2020,6,2,Tuesday
520,03-06-2020,2020,6,3,Wednesday
521,04-06-2020,2020,6,4,Thursday
522,05-06-2020,2020,6,5,Friday
523,06-06-2020,2020,6,6,Saturday
524,07-06-2020,2020,6,7,Sunday
525,08-06-2020,2020,6,8,Monday
526,09-06-2020,2020,6,9,Tuesday
527,10-06-2020,2020,6,10,Wednesday
528,11-06-2020,2020,6,11,Thursday
529,12-06-2020,2020,6,12,Friday
530,13-06-2020,2020,6,13,Saturday
531,14-06-2020,2020,6,14,Sunday
532,15-06-2020,2020,6,15,Monday
533,16-06-2020,2020,6,16,Tuesday
534,17-06-2020,2020,6,17,Wednesday
535,18-06-2020,2020,6,18,Thursday
536,19-06-2020,2020,6,19,Friday
537,20-06-2020,2020,6,20,Saturday
538,21-06-2020,2020,6,21,Sunday
539,22-06-2020,2020,6,22,Monday
540,23-06-2020,2020,6,23,Tuesday
541,24-06-2020,2020,6,24,Wednesday
542,25-06-2020,2020,6,25,Thursday
543,26-06-2020,2020,6,26,Friday
544,27-06-2020,2020,6,27,Saturday
545,28-06-2020,2020,6,28,Sunday
546,29-06-2020,2020,6,29,Monday
547,30-06-2020,2020,6,30,Tuesday
548,01-07-2020,2020,7,1,Wednesday
549,02-07-2020,2020,7,2,Thursday
550,03-07-2020,2020,7,3,Friday
551,04-07-2020,2020,7,4,Saturday
552,05-07-2020,2020,7,5,Sunday
553,06-07-2020,2020,7,6,Monday
554,07-07-2020,2020,7,7,Tuesday
555,08-07-2020,2020,7,8,Wednesday
556,09-07-2020,2020,7,9,Thursday
557,10-07-2020,2020,7,10,Friday
558,11-07-2020,2020,7,11,Saturday
559,12-07-2020,2020,7,12,Sunday
560,13-07-2020,2020,7,13,Monday
561,14-07-2020,2020,7,14,Tuesday
562,15-07-2020,2020,7,15,Wednesday
563,16-07-2020,2020,7,16,Thursday
564,17-07-2020,2020,7,17,Friday
565,18-07-2020,2020,7,18,Saturday
566,19-07-2020,2020,7,19,Sunday
567,20-07-2020,2020,7,20,Monday
568,21-07-2020,2020,7,21,Tuesday
569,22-07-2020,2020,7,22,Wednesday
570,23-07-2020,2020,7,23,Thursday
571,24-07-2020,2020,7,24,Friday
572,25-07-2020,2020,7,25,Saturday
573,26-07-2020,2020,7,26,Sunday
574,27-07-2020,2020,7,27,Monday
575,28-07-2020,2020,7,28,Tuesday
576,29-07-2020,2020,7,29,Wednesday
577,30-07-2020,2020,7,30,Thursday
578,31-07-2020,2020,7,31,Friday
579,01-08-2020,2020,8,1,Saturday
580,02-08-2020,2020,8,2,Sunday
581,03-08-2020,2020,8,3,Monday
582,04-08-2020,2020,8,4,Tuesday
583,05-08-2020,2020,8,5,Wednesday
584,06-08-2020,2020,8,6,Thursday
585,07-08-2020,2020,8,7,Friday
586,08-08-2020,2020,8,8,Saturday
587,09-08-2020,2020,8,9,Sunday
588,10-08-2020,2020,8,10,Monday
589,11-08-2020,2020,8,11,Tuesday
590,12-08-2020,2020,8,12,Wednesday
591,13-08-2020,2020,8,13,Thursday
592,14-08-2020,2020,8,14,Friday
593,15-08-2020,2020,8,15,Saturday
594,16-08-2020,2020,8,16,Sunday
595,17-08-2020,2020,8,17,Monday
596,18-08-2020,2020,8,18,Tuesday
597,19-08-2020,2020,8,19,Wednesday
598,20-08-2020,2020,8,20,Thursday
599,21-08-2020,2020,8,21,Friday
600,22-08-2020,2020,8,22,Saturday
601,23-08-2020,2020,8,23,Sunday
602,24-08-2020,2020,8,24,Monday
603,25-08-2020,2020,8,25,Tuesday
604,26-08-2020,2020,8,26,Wednesday
605,27-08-2020,2020,8,27,Thursday
606,28-08-2020,2020,8,28,Friday
607,29-08-2020,2020,8,29,Saturday
608,30-08-2020,2020,8,30,Sunday
609,31-08-2020,2020,8,31,Monday
610,01-09-2020,2020,9,1,Tuesday
611,02-09-2020,2020,9,2,Wednesday
612,03-09-2020,2020,9,3,Thursday
613,04-09-2020,2020,9,4,Friday
614,05-09-2020,2020,9,5,Saturday
615,06-09-2020,2020,9,6,Sunday
616,07-09-2020,2020,9,7,Monday
617,08-09-2020,2020,9,8,Tuesday
618,09-09-2020,2020,9,9,Wednesday
619,10-09-2020,2020,9,10,Thursday
620,11-09-2020,2020,9,11,Friday
621,12-09-2020,2020,9,12,Saturday
622,13-09-2020,2020,9,13,Sunday
623,14-09-2020,2020,9,14,Monday
624,15-09-2020,2020,9,15,Tuesday
625,16-09-2020,2020,9,16,Wednesday
626,17-09-2020,2020,9,17,Thursday
627,18-09-2020,2020,9,18,Friday
628,19-09-2020,2020,9,19,Saturday
629,20-09-2020,2020,9,20,Sunday
630,21-09-2020,2020,9,21,Monday
631,22-09-2020,2020,9,22,Tuesday
632,23-09-2020,2020,9,23,Wednesday
633,24-09-2020,2020,9,24,Thursday
634,25-09-2020,2020,9,25,Friday
635,26-09-2020,2020,9,26,Saturday
636,27-09-2020,2020,9,27,Sunday
637,28-09-2020,2020,9,28,Monday
638,29-09-2020,2020,9,29,Tuesday
639,30-09-2020,2020,9,30,Wednesday
640,01-10-2020,2020,10,1,Thursday
641,02-10-2020,2020,10,2,Friday
642,03-10-2020,2020,10,3,Saturday
643,04-10-2020,2020,10,4,Sunday
644,05-10-2020,2020,10,5,Monday
645,06-10-2020,2020,10,6,Tuesday
646,07-10-2020,2020,10,7,Wednesday
647,08-10-2020,2020,10,8,Thursday
648,09-10-2020,2020,10,9,Friday
649,10-10-2020,2020,10,10,Saturday
650,11-10-2020,2020,10,11,Sunday
651,12-10-2020,2020,10,12,Monday
652,13-10-2020,2020,10,13,Tuesday
653,14-10-2020,2020,10,14,Wednesday
654,15-10-2020,2020,10,15,Thursday
655,16-10-2020,2020,10,16,Friday
656,17-10-2020,2020,10,17,Saturday
657,18-10-2020,2020,10,18,Sunday
658,19-10-2020,2020,10,19,Monday
659,20-10-2020,2020,10,20,Tuesday
660,21-10-2020,2020,10,21,Wednesday
661,22-10-2020,2020,10,22,Thursday
662,23-10-2020,2020,10,23,Friday
663,24-10-2020,2020,10,24,Saturday
664,25-10-2020,2020,10,25,Sunday
665,26-10-2020,2020,10,26,Monday
666,27-10-2020,2020,10,27,Tuesday
667,28-10-2020,2020,10,28,Wednesday
668,29-10-2020,2020,10,29,Thursday
669,30-10-2020,2020,10,30,Friday
670,31-10-2020,2020,10,31,Saturday
671,01-11-2020,2020,11,1,Sunday
672,02-11-2020,2020,11,2,Monday
673,03-11-2020,2020,11,3,Tuesday
674,04-11-2020,2020,11,4,Wednesday
675,05-11-2020,2020,11,5,Thursday
676,06-11-2020,2020,11,6,Friday
677,07-11-2020,2020,11,7,Saturday
678,08-11-2020,2020,11,8,Sunday
679,09-11-2020,2020,11,9,Monday
680,10-11-2020,2020,11,10,Tuesday
681,11-11-2020,2020,11,11,Wednesday
682,12-11-2020,2020,11,12,Thursday
683,13-11-2020,2020,11,13,Friday
684,14-11-2020,2020,11,14,Saturday
685,15-11-2020,2020,11,15,Sunday
686,16-11-2020,2020,11,16,Monday
687,17-11-2020,2020,11,17,Tuesday
688,18-11-2020,2020,11,18,Wednesday
689,19-11-2020,2020,11,19,Thursday
690,20-11-2020,2020,11,20,Friday
691,21-11-2020,2020,11,21,Saturday
692,22-11-2020,2020,11,22,Sunday
693,23-11-2020,2020,11,23,Monday
694,24-11-2020,2020,11,24,Tuesday
695,25-11-2020,2020,11,25,Wednesday
696,26-11-2020,2020,11,26,Thursday
697,27-11-2020,2020,11,27,Friday
698,28-11-2020,2020,11,28,Saturday
699,29-11-2020,2020,11,29,Sunday
700,30-11-2020,2020,11,30,Monday
701,01-12-2020,2020,12,1,Tuesday
702,02-12-2020,2020,12,2,Wednesday
703,03-12-2020,2020,12,3,Thursday
704,04-12-2020,2020,12,4,Friday
705,05-12-2020,2020,12,5,Saturday
706,06-12-2020,2020,12,6,Sunday
707,07-12-2020,2020,12,7,Monday
708,08-12-2020,2020,12,8,Tuesday
709,09-12-2020,2020,12,9,Wednesday
710,10-12-2020,2020,12,10,Thursday
711,11-12-2020,2020,12,11,Friday
712,12-12-2020,2020,12,12,Saturday
713,13-12-2020,2020,12,13,Sunday
714,14-12-2020,2020,12,14,Monday
715,15-12-2020,2020,12,15,Tuesday
716,16-12-2020,2020,12,16,Wednesday
717,17-12-2020,2020,12,17,Thursday
718,18-12-2020,2020,12,18,Friday
719,19-12-2020,2020,12,19,Saturday
720,20-12-2020,2020,12,20,Sunday
721,21-12-2020,2020,12,21,Monday
722,22-12-2020,2020,12,22,Tuesday
723,23-12-2020,2020,12,23,Wednesday
724,24-12-2020,2020,12,24,Thursday
725,25-12-2020,2020,12,25,Friday
726,26-12-2020,2020,12,26,Saturday
727,27-12-2020,2020,12,27,Sunday
728,28-12-2020,2020,12,28,Monday
729,29-12-2020,2020,12,29,Tuesday
730,30-12-2020,2020,12,30,Wednesday
731,31-12-2020,2020,12,31,Thursday
732,01-01-2021,2021,1,1,Friday
733,02-01-2021,2021,1,2,Saturday
734,03-01-2021,2021,1,3,Sunday
735,04-01-2021,2021,1,4,Monday
736,05-01-2021,2021,1,5,Tuesday
737,06-01-2021,2021,1,6,Wednesday
738,07-01-2021,2021,1,7,Thursday
739,08-01-2021,2021,1,8,Friday
740,09-01-2021,2021,1,9,Saturday
741,10-01-2021,2021,1,10,Sunday
742,11-01-2021,2021,1,11,Monday
743,12-01-2021,2021,1,12,Tuesday
744,13-01-2021,2021,1,13,Wednesday
745,14-01-2021,2021,1,14,Thursday
746,15-01-2021,2021,1,15,Friday
747,16-01-2021,2021,1,16,Saturday
748,17-01-2021,2021,1,17,Sunday
749,18-01-2021,2021,1,18,Monday
750,19-01-2021,2021,1,19,Tuesday
751,20-01-2021,2021,1,20,Wednesday
752,21-01-2021,2021,1,21,Thursday
753,22-01-2021,2021,1,22,Friday
754,23-01-2021,2021,1,23,Saturday
755,24-01-2021,2021,1,24,Sunday
756,25-01-2021,2021,1,25,Monday
757,26-01-2021,2021,1,26,Tuesday
758,27-01-2021,2021,1,27,Wednesday
759,28-01-2021,2021,1,28,Thursday
760,29-01-2021,2021,1,29,Friday
761,30-01-2021,2021,1,30,Saturday
762,31-01-2021,2021,1,31,Sunday
763,01-02-2021,2021,2,1,Monday
764,02-02-2021,2021,2,2,Tuesday
765,03-02-2021,2021,2,3,Wednesday
766,04-02-2021,2021,2,4,Thursday
767,05-02-2021,2021,2,5,Friday
768,06-02-2021,2021,2,6,Saturday
769,07-02-2021,2021,2,7,Sunday
770,08-02-2021,2021,2,8,Monday
771,09-02-2021,2021,2,9,Tuesday
772,10-02-2021,2021,2,10,Wednesday
773,11-02-2021,2021,2,11,Thursday
774,12-02-2021,2021,2,12,Friday
775,13-02-2021,2021,2,13,Saturday
776,14-02-2021,2021,2,14,Sunday
777,15-02-2021,2021,2,15,Monday
778,16-02-2021,2021,2,16,Tuesday
779,17-02-2021,2021,2,17,Wednesday
780,18-02-2021,2021,2,18,Thursday
781,19-02-2021,2021,2,19,Friday
782,20-02-2021,2021,2,20,Saturday
783,21-02-2021,2021,2,21,Sunday
784,22-02-2021,2021,2,22,Monday
785,23-02-2021,2021,2,23,Tuesday
786,24-02-2021,2021,2,24,Wednesday
787,25-02-2021,2021,2,25,Thursday
788,26-02-2021,2021,2,26,Friday
789,27-02-2021,2021,2,27,Saturday
790,28-02-2021,2021,2,28,Sunday
791,01-03-2021,2021,3,1,Monday
792,02-03-2021,2021,3,2,Tuesday
793,03-03-2021,2021,3,3,Wednesday
794,04-03-2021,2021,3,4,Thursday
795,05-03-2021,2021,3,5,Friday
796,06-03-2021,2021,3,6,Saturday
797,07-03-2021,2021,3,7,Sunday
798,08-03-2021,2021,3,8,Monday
799,09-03-2021,2021,3,9,Tuesday
800,10-03-2021,2021,3,10,Wednesday
801,11-03-2021,2021,3,11,Thursday
802,12-03-2021,2021,3,12,Friday
803,13-03-2021,2021,3,13,Saturday
804,14-03-2021,2021,3,14,Sunday
805,15-03-2021,2021,3,15,Monday
806,16-03-2021,2021,3,16,Tuesday
807,17-03-2021,2021,3,17,Wednesday
808,18-03-2021,2021,3,18,Thursday
809,19-03-2021,2021,3,19,Friday
810,20-03-2021,2021,3,20,Saturday
811,21-03-2021,2021,3,21,Sunday
812,22-03-2021,2021,3,22,Monday
813,23-03-2021,2021,3,23,Tuesday
814,24-03-2021,2021,3,24,Wednesday
815,25-03-2021,2021,3,25,Thursday
816,26-03-2021,2021,3,26,Friday
817,27-03-2021,2021,3,27,Saturday
818,28-03-2021,2021,3,28,Sunday
819,29-03-2021,2021,3,29,Monday
820,30-03-2021,2021,3,30,Tuesday
821,31-03-2021,2021,3,31,Wednesday
822,01-04-2021,2021,4,1,Thursday
823,02-04-2021,2021,4,2,Friday
824,03-04-2021,2021,4,3,Saturday
825,04-04-2021,2021,4,4,Sunday
826,05-04-2021,2021,4,5,Monday
827,06-04-2021,2021,4,6,Tuesday
828,07-04-2021,2021,4,7,Wednesday
829,08-04-2021,2021,4,8,Thursday
830,09-04-2021,2021,4,9,Friday
831,10-04-2021,2021,4,10,Saturday
832,11-04-2021,2021,4,11,Sunday
833,12-04-2021,2021,4,12,Monday
834,13-04-2021,2021,4,13,Tuesday
835,14-04-2021,2021,4,14,Wednesday
836,15-04-2021,2021,4,15,Thursday
837,16-04-2021,2021,4,16,Friday
838,17-04-2021,2021,4,17,Saturday
839,18-04-2021,2021,4,18,Sunday
840,19-04-2021,2021,4,19,Monday
841,20-04-2021,2021,4,20,Tuesday
842,21-04-2021,2021,4,21,Wednesday
843,22-04-2021,2021,4,22,Thursday
844,23-04-2021,2021,4,23,Friday
845,24-04-2021,2021,4,24,Saturday
846,25-04-2021,2021,4,25,Sunday
847,26-04-2021,2021,4,26,Monday
848,27-04-2021,2021,4,27,Tuesday
849,28-04-2021,2021,4,28,Wednesday
850,29-04-2021,2021,4,29,Thursday
851,30-04-2021,2021,4,30,Friday
852,01-05-2021,2021,5,1,Saturday
853,02-05-2021,2021,5,2,Sunday
854,03-05-2021,2021,5,3,Monday
855,04-05-2021,2021,5,4,Tuesday
856,05-05-2021,2021,5,5,Wednesday
857,06-05-2021,2021,5,6,Thursday
858,07-05-2021,2021,5,7,Friday
859,08-05-2021,2021,5,8,Saturday
860,09-05-2021,2021,5,9,Sunday
861,10-05-2021,2021,5,10,Monday
862,11-05-2021,2021,5,11,Tuesday
863,12-05-2021,2021,5,12,Wednesday
864,13-05-2021,2021,5,13,Thursday
865,14-05-2021,2021,5,14,Friday
866,15-05-2021,2021,5,15,Saturday
867,16-05-2021,2021,5,16,Sunday
868,17-05-2021,2021,5,17,Monday
869,18-05-2021,2021,5,18,Tuesday
870,19-05-2021,2021,5,19,Wednesday
871,20-05-2021,2021,5,20,Thursday
872,21-05-2021,2021,5,21,Friday
873,22-05-2021,2021,5,22,Saturday
874,23-05-2021,2021,5,23,Sunday
875,24-05-2021,2021,5,24,Monday
876,25-05-2021,2021,5,25,Tuesday
877,26-05-2021,2021,5,26,Wednesday
878,27-05-2021,2021,5,27,Thursday
879,28-05-2021,2021,5,28,Friday
880,29-05-2021,2021,5,29,Saturday
881,30-05-2021,2021,5,30,Sunday
882,31-05-2021,2021,5,31,Monday
883,01-06-2021,2021,6,1,Tuesday
884,02-06-2021,2021,6,2,Wednesday
885,03-06-2021,2021,6,3,Thursday
886,04-06-2021,2021,6,4,Friday
887,05-06-2021,2021,6,5,Saturday
888,06-06-2021,2021,6,6,Sunday
889,07-06-2021,2021,6,7,Monday
890,08-06-2021,2021,6,8,Tuesday
891,09-06-2021,2021,6,9,Wednesday
892,10-06-2021,2021,6,10,Thursday
893,11-06-2021,2021,6,11,Friday
894,12-06-2021,2021,6,12,Saturday
895,13-06-2021,2021,6,13,Sunday
896,14-06-2021,2021,6,14,Monday
897,15-06-2021,2021,6,15,Tuesday
898,16-06-2021,2021,6,16,Wednesday
899,17-06-2021,2021,6,17,Thursday
900,18-06-2021,2021,6,18,Friday
901,19-06-2021,2021,6,19,Saturday
902,20-06-2021,2021,6,20,Sunday
903,21-06-2021,2021,6,21,Monday
904,22-06-2021,2021,6,22,Tuesday
905,23-06-2021,2021,6,23,Wednesday
906,24-06-2021,2021,6,24,Thursday
907,25-06-2021,2021,6,25,Friday
908,26-06-2021,2021,6,26,Saturday
909,27-06-2021,2021,6,27,Sunday
910,28-06-2021,2021,6,28,Monday
911,29-06-2021,2021,6,29,Tuesday
912,30-06-2021,2021,6,30,Wednesday
913,01-07-2021,2021,7,1,Thursday
914,02-07-2021,2021,7,2,Friday
915,03-07-2021,2021,7,3,Saturday
916,04-07-2021,2021,7,4,Sunday
917,05-07-2021,2021,7,5,Monday
918,06-07-2021,2021,7,6,Tuesday
919,07-07-2021,2021,7,7,Wednesday
920,08-07-2021,2021,7,8,Thursday
921,09-07-2021,2021,7,9,Friday
922,10-07-2021,2021,7,10,Saturday
923,11-07-2021,2021,7,11,Sunday
924,12-07-2021,2021,7,12,Monday
925,13-07-2021,2021,7,13,Tuesday
926,14-07-2021,2021,7,14,Wednesday
927,15-07-2021,2021,7,15,Thursday
928,16-07-2021,2021,7,16,Friday
929,17-07-2021,2021,7,17,Saturday
930,18-07-2021,2021,7,18,Sunday
931,19-07-2021,2021,7,19,Monday
932,20-07-2021,2021,7,20,Tuesday
933,21-07-2021,2021,7,21,Wednesday
934,22-07-2021,2021,7,22,Thursday
935,23-07-2021,2021,7,23,Friday
936,24-07-2021,2021,7,24,Saturday
937,25-07-2021,2021,7,25,Sunday
938,26-07-2021,2021,7,26,Monday
939,27-07-2021,2021,7,27,Tuesday
940,28-07-2021,2021,7,28,Wednesday
941,29-07-2021,2021,7,29,Thursday
942,30-07-2021,2021,7,30,Friday
943,31-07-2021,2021,7,31,Saturday
944,01-08-2021,2021,8,1,Sunday
945,02-08-2021,2021,8,2,Monday
946,03-08-2021,2021,8,3,Tuesday
947,04-08-2021,2021,8,4,Wednesday
948,05-08-2021,2021,8,5,Thursday
949,06-08-2021,2021,8,6,Friday
950,07-08-2021,2021,8,7,Saturday
951,08-08-2021,2021,8,8,Sunday
952,09-08-2021,2021,8,9,Monday
953,10-08-2021,2021,8,10,Tuesday
954,11-08-2021,2021,8,11,Wednesday
955,12-08-2021,2021,8,12,Thursday
956,13-08-2021,2021,8,13,Friday
957,14-08-2021,2021,8,14,Saturday
958,15-08-2021,2021,8,15,Sunday
959,16-08-2021,2021,8,16,Monday
960,17-08-2021,2021,8,17,Tuesday
961,18-08-2021,2021,8,18,Wednesday
962,19-08-2021,2021,8,19,Thursday
963,20-08-2021,2021,8,20,Friday
964,21-08-2021,2021,8,21,Saturday
965,22-08-2021,2021,8,22,Sunday
966,23-08-2021,2021,8,23,Monday
967,24-08-2021,2021,8,24,Tuesday
968,25-08-2021,2021,8,25,Wednesday
969,26-08-2021,2021,8,26,Thursday
970,27-08-2021,2021,8,27,Friday
971,28-08-2021,2021,8,28,Saturday
972,29-08-2021,2021,8,29,Sunday
973,30-08-2021,2021,8,30,Monday
974,31-08-2021,2021,8,31,Tuesday
975,01-09-2021,2021,9,1,Wednesday
976,02-09-2021,2021,9,2,Thursday
977,03-09-2021,2021,9,3,Friday
978,04-09-2021,2021,9,4,Saturday
979,05-09-2021,2021,9,5,Sunday
980,06-09-2021,2021,9,6,Monday
981,07-09-2021,2021,9,7,Tuesday
982,08-09-2021,2021,9,8,Wednesday
983,09-09-2021,2021,9,9,Thursday
984,10-09-2021,2021,9,10,Friday
985,11-09-2021,2021,9,11,Saturday
986,12-09-2021,2021,9,12,Sunday
987,13-09-2021,2021,9,13,Monday
988,14-09-2021,2021,9,14,Tuesday
989,15-09-2021,2021,9,15,Wednesday
990,16-09-2021,2021,9,16,Thursday
991,17-09-2021,2021,9,17,Friday
992,18-09-2021,2021,9,18,Saturday
993,19-09-2021,2021,9,19,Sunday
994,20-09-2021,2021,9,20,Monday
995,21-09-2021,2021,9,21,Tuesday
996,22-09-2021,2021,9,22,Wednesday
997,23-09-2021,2021,9,23,Thursday
998,24-09-2021,2021,9,24,Friday
999,25-09-2021,2021,9,25,Saturday
1000,26-09-2021,2021,9,26,Sunday
1001,27-09-2021,2021,9,27,Monday
1002,28-09-2021,2021,9,28,Tuesday
1003,29-09-2021,2021,9,29,Wednesday
1004,30-09-2021,2021,9,30,Thursday
1005,01-10-2021,2021,10,1,Friday
1006,02-10-2021,2021,10,2,Saturday
1007,03-10-2021,2021,10,3,Sunday
1008,04-10-2021,2021,10,4,Monday
1009,05-10-2021,2021,10,5,Tuesday
1010,06-10-2021,2021,10,6,Wednesday
1011,07-10-2021,2021,10,7,Thursday
1012,08-10-2021,2021,10,8,Friday
1013,09-10-2021,2021,10,9,Saturday
1014,10-10-2021,2021,10,10,Sunday
1015,11-10-2021,2021,10,11,Monday
1016,12-10-2021,2021,10,12,Tuesday
1017,13-10-2021,2021,10,13,Wednesday
1018,14-10-2021,2021,10,14,Thursday
1019,15-10-2021,2021,10,15,Friday
1020,16-10-2021,2021,10,16,Saturday
1021,17-10-2021,2021,10,17,Sunday
1022,18-10-2021,2021,10,18,Monday
1023,19-10-2021,2021,10,19,Tuesday
1024,20-10-2021,2021,10,20,Wednesday
1025,21-10-2021,2021,10,21,Thursday
1026,22-10-2021,2021,10,22,Friday
1027,23-10-2021,2021,10,23,Saturday
1028,24-10-2021,2021,10,24,Sunday
1029,25-10-2021,2021,10,25,Monday
1030,26-10-2021,2021,10,26,Tuesday
1031,27-10-2021,2021,10,27,Wednesday
1032,28-10-2021,2021,10,28,Thursday
1033,29-10-2021,2021,10,29,Friday
1034,30-10-2021,2021,10,30,Saturday
1035,31-10-2021,2021,10,31,Sunday
1036,01-11-2021,2021,11,1,Monday
1037,02-11-2021,2021,11,2,Tuesday
1038,03-11-2021,2021,11,3,Wednesday
1039,04-11-2021,2021,11,4,Thursday
1040,05-11-2021,2021,11,5,Friday
1041,06-11-2021,2021,11,6,Saturday
1042,07-11-2021,2021,11,7,Sunday
1043,08-11-2021,2021,11,8,Monday
1044,09-11-2021,2021,11,9,Tuesday
1045,10-11-2021,2021,11,10,Wednesday
1046,11-11-2021,2021,11,11,Thursday
1047,12-11-2021,2021,11,12,Friday
1048,13-11-2021,2021,11,13,Saturday
1049,14-11-2021,2021,11,14,Sunday
1050,15-11-2021,2021,11,15,Monday
1051,16-11-2021,2021,11,16,Tuesday
1052,17-11-2021,2021,11,17,Wednesday
1053,18-11-2021,2021,11,18,Thursday
1054,19-11-2021,2021,11,19,Friday
1055,20-11-2021,2021,11,20,Saturday
1056,21-11-2021,2021,11,21,Sunday
1057,22-11-2021,2021,11,22,Monday
1058,23-11-2021,2021,11,23,Tuesday
1059,24-11-2021,2021,11,24,Wednesday
1060,25-11-2021,2021,11,25,Thursday
1061,26-11-2021,2021,11,26,Friday
1062,27-11-2021,2021,11,27,Saturday
1063,28-11-2021,2021,11,28,Sunday
1064,29-11-2021,2021,11,29,Monday
1065,30-11-2021,2021,11,30,Tuesday
1066,01-12-2021,2021,12,1,Wednesday
1067,02-12-2021,2021,12,2,Thursday
1068,03-12-2021,2021,12,3,Friday
1069,04-12-2021,2021,12,4,Saturday
1070,05-12-2021,2021,12,5,Sunday
1071,06-12-2021,2021,12,6,Monday
1072,07-12-2021,2021,12,7,Tuesday
1073,08-12-2021,2021,12,8,Wednesday
1074,09-12-2021,2021,12,9,Thursday
1075,10-12-2021,2021,12,10,Friday
1076,11-12-2021,2021,12,11,Saturday
1077,12-12-2021,2021,12,12,Sunday
1078,13-12-2021,2021,12,13,Monday
1079,14-12-2021,2021,12,14,Tuesday
1080,15-12-2021,2021,12,15,Wednesday
1081,16-12-2021,2021,12,16,Thursday
1082,17-12-2021,2021,12,17,Friday
1083,18-12-2021,2021,12,18,Saturday
1084,19-12-2021,2021,12,19,Sunday
1085,20-12-2021,2021,12,20,Monday
1086,21-12-2021,2021,12,21,Tuesday
1087,22-12-2021,2021,12,22,Wednesday
1088,23-12-2021,2021,12,23,Thursday
1089,24-12-2021,2021,12,24,Friday
1090,25-12-2021,2021,12,25,Saturday
1091,26-12-2021,2021,12,26,Sunday
1092,27-12-2021,2021,12,27,Monday
1093,28-12-2021,2021,12,28,Tuesday
1094,29-12-2021,2021,12,29,Wednesday
1095,30-12-2021,2021,12,30,Thursday
1096,31-12-2021,2021,12,31,Friday
1097,01-01-2022,2022,1,1,Saturday
1098,02-01-2022,2022,1,2,Sunday
1099,03-01-2022,2022,1,3,Monday
1100,04-01-2022,2022,1,4,Tuesday
1101,05-01-2022,2022,1,5,Wednesday
1102,06-01-2022,2022,1,6,Thursday
1103,07-01-2022,2022,1,7,Friday
1104,08-01-2022,2022,1,8,Saturday
1105,09-01-2022,2022,1,9,Sunday
1106,10-01-2022,2022,1,10,Monday
1107,11-01-2022,2022,1,11,Tuesday
1108,12-01-2022,2022,1,12,Wednesday
1109,13-01-2022,2022,1,13,Thursday
1110,14-01-2022,2022,1,14,Friday
1111,15-01-2022,2022,1,15,Saturday
1112,16-01-2022,2022,1,16,Sunday
1113,17-01-2022,2022,1,17,Monday
1114,18-01-2022,2022,1,18,Tuesday
1115,19-01-2022,2022,1,19,Wednesday
1116,20-01-2022,2022,1,20,Thursday
1117,21-01-2022,2022,1,21,Friday
1118,22-01-2022,2022,1,22,Saturday
1119,23-01-2022,2022,1,23,Sunday
1120,24-01-2022,2022,1,24,Monday
1121,25-01-2022,2022,1,25,Tuesday
1122,26-01-2022,2022,1,26,Wednesday
1123,27-01-2022,2022,1,27,Thursday
1124,28-01-2022,2022,1,28,Friday
1125,29-01-2022,2022,1,29,Saturday
1126,30-01-2022,2022,1,30,Sunday
1127,31-01-2022,2022,1,31,Monday
1128,01-02-2022,2022,2,1,Tuesday
1129,02-02-2022,2022,2,2,Wednesday
1130,03-02-2022,2022,2,3,Thursday
1131,04-02-2022,2022,2,4,Friday
1132,05-02-2022,2022,2,5,Saturday
1133,06-02-2022,2022,2,6,Sunday
1134,07-02-2022,2022,2,7,Monday
1135,08-02-2022,2022,2,8,Tuesday
1136,09-02-2022,2022,2,9,Wednesday
1137,10-02-2022,2022,2,10,Thursday
1138,11-02-2022,2022,2,11,Friday
1139,12-02-2022,2022,2,12,Saturday
1140,13-02-2022,2022,2,13,Sunday
1141,14-02-2022,2022,2,14,Monday
1142,15-02-2022,2022,2,15,Tuesday
1143,16-02-2022,2022,2,16,Wednesday
1144,17-02-2022,2022,2,17,Thursday
1145,18-02-2022,2022,2,18,Friday
1146,19-02-2022,2022,2,19,Saturday
1147,20-02-2022,2022,2,20,Sunday
1148,21-02-2022,2022,2,21,Monday
1149,22-02-2022,2022,2,22,Tuesday
1150,23-02-2022,2022,2,23,Wednesday
1151,24-02-2022,2022,2,24,Thursday
1152,25-02-2022,2022,2,25,Friday
1153,26-02-2022,2022,2,26,Saturday
1154,27-02-2022,2022,2,27,Sunday
1155,28-02-2022,2022,2,28,Monday
1156,01-03-2022,2022,3,1,Tuesday
1157,02-03-2022,2022,3,2,Wednesday
1158,03-03-2022,2022,3,3,Thursday
1159,04-03-2022,2022,3,4,Friday
1160,05-03-2022,2022,3,5,Saturday
1161,06-03-2022,2022,3,6,Sunday
1162,07-03-2022,2022,3,7,Monday
1163,08-03-2022,2022,3,8,Tuesday
1164,09-03-2022,2022,3,9,Wednesday
1165,10-03-2022,2022,3,10,Thursday
1166,11-03-2022,2022,3,11,Friday
1167,12-03-2022,2022,3,12,Saturday
1168,13-03-2022,2022,3,13,Sunday
1169,14-03-2022,2022,3,14,Monday
1170,15-03-2022,2022,3,15,Tuesday
1171,16-03-2022,2022,3,16,Wednesday
1172,17-03-2022,2022,3,17,Thursday
1173,18-03-2022,2022,3,18,Friday
1174,19-03-2022,2022,3,19,Saturday
1175,20-03-2022,2022,3,20,Sunday
1176,21-03-2022,2022,3,21,Monday
1177,22-03-2022,2022,3,22,Tuesday
1178,23-03-2022,2022,3,23,Wednesday
1179,24-03-2022,2022,3,24,Thursday
1180,25-03-2022,2022,3,25,Friday
1181,26-03-2022,2022,3,26,Saturday
1182,27-03-2022,2022,3,27,Sunday
1183,28-03-2022,2022,3,28,Monday
1184,29-03-2022,2022,3,29,Tuesday
1185,30-03-2022,2022,3,30,Wednesday
1186,31-03-2022,2022,3,31,Thursday
1187,01-04-2022,2022,4,1,Friday
1188,02-04-2022,2022,4,2,Saturday
1189,03-04-2022,2022,4,3,Sunday
1190,04-04-2022,2022,4,4,Monday
1191,05-04-2022,2022,4,5,Tuesday
1192,06-04-2022,2022,4,6,Wednesday
1193,07-04-2022,2022,4,7,Thursday
1194,08-04-2022,2022,4,8,Friday
1195,09-04-2022,2022,4,9,Saturday
1196,10-04-2022,2022,4,10,Sunday
1197,11-04-2022,2022,4,11,Monday
1198,12-04-2022,2022,4,12,Tuesday
1199,13-04-2022,2022,4,13,Wednesday
1200,14-04-2022,2022,4,14,Thursday
1201,15-04-2022,2022,4,15,Friday
1202,16-04-2022,2022,4,16,Saturday
1203,17-04-2022,2022,4,17,Sunday
1204,18-04-2022,2022,4,18,Monday
1205,19-04-2022,2022,4,19,Tuesday
1206,20-04-2022,2022,4,20,Wednesday
1207,21-04-2022,2022,4,21,Thursday
1208,22-04-2022,2022,4,22,Friday
1209,23-04-2022,2022,4,23,Saturday
1210,24-04-2022,2022,4,24,Sunday
1211,25-04-2022,2022,4,25,Monday
1212,26-04-2022,2022,4,26,Tuesday
1213,27-04-2022,2022,4,27,Wednesday
1214,28-04-2022,2022,4,28,Thursday
1215,29-04-2022,2022,4,29,Friday
1216,30-04-2022,2022,4,30,Saturday
1217,01-05-2022,2022,5,1,Sunday
1218,02-05-2022,2022,5,2,Monday
1219,03-05-2022,2022,5,3,Tuesday
1220,04-05-2022,2022,5,4,Wednesday
1221,05-05-2022,2022,5,5,Thursday
1222,06-05-2022,2022,5,6,Friday
1223,07-05-2022,2022,5,7,Saturday
1224,08-05-2022,2022,5,8,Sunday
1225,09-05-2022,2022,5,9,Monday
1226,10-05-2022,2022,5,10,Tuesday
1227,11-05-2022,2022,5,11,Wednesday
1228,12-05-2022,2022,5,12,Thursday
1229,13-05-2022,2022,5,13,Friday
1230,14-05-2022,2022,5,14,Saturday
1231,15-05-2022,2022,5,15,Sunday
1232,16-05-2022,2022,5,16,Monday
1233,17-05-2022,2022,5,17,Tuesday
1234,18-05-2022,2022,5,18,Wednesday
1235,19-05-2022,2022,5,19,Thursday
1236,20-05-2022,2022,5,20,Friday
1237,21-05-2022,2022,5,21,Saturday
1238,22-05-2022,2022,5,22,Sunday
1239,23-05-2022,2022,5,23,Monday
1240,24-05-2022,2022,5,24,Tuesday
1241,25-05-2022,2022,5,25,Wednesday
1242,26-05-2022,2022,5,26,Thursday
1243,27-05-2022,2022,5,27,Friday
1244,28-05-2022,2022,5,28,Saturday
1245,29-05-2022,2022,5,29,Sunday
1246,30-05-2022,2022,5,30,Monday
1247,31-05-2022,2022,5,31,Tuesday
1248,01-06-2022,2022,6,1,Wednesday
1249,02-06-2022,2022,6,2,Thursday
1250,03-06-2022,2022,6,3,Friday
1251,04-06-2022,2022,6,4,Saturday
1252,05-06-2022,2022,6,5,Sunday
1253,06-06-2022,2022,6,6,Monday
1254,07-06-2022,2022,6,7,Tuesday
1255,08-06-2022,2022,6,8,Wednesday
1256,09-06-2022,2022,6,9,Thursday
1257,10-06-2022,2022,6,10,Friday
1258,11-06-2022,2022,6,11,Saturday
1259,12-06-2022,2022,6,12,Sunday
1260,13-06-2022,2022,6,13,Monday
1261,14-06-2022,2022,6,14,Tuesday
1262,15-06-2022,2022,6,15,Wednesday
1263,16-06-2022,2022,6,16,Thursday
1264,17-06-2022,2022,6,17,Friday
1265,18-06-2022,2022,6,18,Saturday
1266,19-06-2022,2022,6,19,Sunday
1267,20-06-2022,2022,6,20,Monday
1268,21-06-2022,2022,6,21,Tuesday
1269,22-06-2022,2022,6,22,Wednesday
1270,23-06-2022,2022,6,23,Thursday
1271,24-06-2022,2022,6,24,Friday
1272,25-06-2022,2022,6,25,Saturday
1273,26-06-2022,2022,6,26,Sunday
1274,27-06-2022,2022,6,27,Monday
1275,28-06-2022,2022,6,28,Tuesday
1276,29-06-2022,2022,6,29,Wednesday
1277,30-06-2022,2022,6,30,Thursday
1278,01-07-2022,2022,7,1,Friday
1279,02-07-2022,2022,7,2,Saturday
1280,03-07-2022,2022,7,3,Sunday
1281,04-07-2022,2022,7,4,Monday
1282,05-07-2022,2022,7,5,Tuesday
1283,06-07-2022,2022,7,6,Wednesday
1284,07-07-2022,2022,7,7,Thursday
1285,08-07-2022,2022,7,8,Friday
1286,09-07-2022,2022,7,9,Saturday
1287,10-07-2022,2022,7,10,Sunday
1288,11-07-2022,2022,7,11,Monday
1289,12-07-2022,2022,7,12,Tuesday
1290,13-07-2022,2022,7,13,Wednesday
1291,14-07-2022,2022,7,14,Thursday
1292,15-07-2022,2022,7,15,Friday
1293,16-07-2022,2022,7,16,Saturday
1294,17-07-2022,2022,7,17,Sunday
1295,18-07-2022,2022,7,18,Monday
1296,19-07-2022,2022,7,19,Tuesday
1297,20-07-2022,2022,7,20,Wednesday
1298,21-07-2022,2022,7,21,Thursday
1299,22-07-2022,2022,7,22,Friday
1300,23-07-2022,2022,7,23,Saturday
1301,24-07-2022,2022,7,24,Sunday
1302,25-07-2022,2022,7,25,Monday
1303,26-07-2022,2022,7,26,Tuesday
1304,27-07-2022,2022,7,27,Wednesday
1305,28-07-2022,2022,7,28,Thursday
1306,29-07-2022,2022,7,29,Friday
1307,30-07-2022,2022,7,30,Saturday
1308,31-07-2022,2022,7,31,Sunday
1309,01-08-2022,2022,8,1,Monday
1310,02-08-2022,2022,8,2,Tuesday
1311,03-08-2022,2022,8,3,Wednesday
1312,04-08-2022,2022,8,4,Thursday
1313,05-08-2022,2022,8,5,Friday
1314,06-08-2022,2022,8,6,Saturday
1315,07-08-2022,2022,8,7,Sunday
1316,08-08-2022,2022,8,8,Monday
1317,09-08-2022,2022,8,9,Tuesday
1318,10-08-2022,2022,8,10,Wednesday
1319,11-08-2022,2022,8,11,Thursday
1320,12-08-2022,2022,8,12,Friday
1321,13-08-2022,2022,8,13,Saturday
1322,14-08-2022,2022,8,14,Sunday
1323,15-08-2022,2022,8,15,Monday
1324,16-08-2022,2022,8,16,Tuesday
1325,17-08-2022,2022,8,17,Wednesday
1326,18-08-2022,2022,8,18,Thursday
1327,19-08-2022,2022,8,19,Friday
1328,20-08-2022,2022,8,20,Saturday
1329,21-08-2022,2022,8,21,Sunday
1330,22-08-2022,2022,8,22,Monday
1331,23-08-2022,2022,8,23,Tuesday
1332,24-08-2022,2022,8,24,Wednesday
1333,25-08-2022,2022,8,25,Thursday
1334,26-08-2022,2022,8,26,Friday
1335,27-08-2022,2022,8,27,Saturday
1336,28-08-2022,2022,8,28,Sunday
1337,29-08-2022,2022,8,29,Monday
1338,30-08-2022,2022,8,30,Tuesday
1339,31-08-2022,2022,8,31,Wednesday
1340,01-09-2022,2022,9,1,Thursday
1341,02-09-2022,2022,9,2,Friday
1342,03-09-2022,2022,9,3,Saturday
1343,04-09-2022,2022,9,4,Sunday
1344,05-09-2022,2022,9,5,Monday
1345,06-09-2022,2022,9,6,Tuesday
1346,07-09-2022,2022,9,7,Wednesday
1347,08-09-2022,2022,9,8,Thursday
1348,09-09-2022,2022,9,9,Friday
1349,10-09-2022,2022,9,10,Saturday
1350,11-09-2022,2022,9,11,Sunday
1351,12-09-2022,2022,9,12,Monday
1352,13-09-2022,2022,9,13,Tuesday
1353,14-09-2022,2022,9,14,Wednesday
1354,15-09-2022,2022,9,15,Thursday
1355,16-09-2022,2022,9,16,Friday
1356,17-09-2022,2022,9,17,Saturday
1357,18-09-2022,2022,9,18,Sunday
1358,19-09-2022,2022,9,19,Monday
1359,20-09-2022,2022,9,20,Tuesday
1360,21-09-2022,2022,9,21,Wednesday
1361,22-09-2022,2022,9,22,Thursday
1362,23-09-2022,2022,9,23,Friday
1363,24-09-2022,2022,9,24,Saturday
1364,25-09-2022,2022,9,25,Sunday
1365,26-09-2022,2022,9,26,Monday
1366,27-09-2022,2022,9,27,Tuesday
1367,28-09-2022,2022,9,28,Wednesday
1368,29-09-2022,2022,9,29,Thursday
1369,30-09-2022,2022,9,30,Friday
1370,01-10-2022,2022,10,1,Saturday
1371,02-10-2022,2022,10,2,Sunday
1372,03-10-2022,2022,10,3,Monday
1373,04-10-2022,2022,10,4,Tuesday
1374,05-10-2022,2022,10,5,Wednesday
1375,06-10-2022,2022,10,6,Thursday
1376,07-10-2022,2022,10,7,Friday
1377,08-10-2022,2022,10,8,Saturday
1378,09-10-2022,2022,10,9,Sunday
1379,10-10-2022,2022,10,10,Monday
1380,11-10-2022,2022,10,11,Tuesday
1381,12-10-2022,2022,10,12,Wednesday
1382,13-10-2022,2022,10,13,Thursday
1383,14-10-2022,2022,10,14,Friday
1384,15-10-2022,2022,10,15,Saturday
1385,16-10-2022,2022,10,16,Sunday
1386,17-10-2022,2022,10,17,Monday
1387,18-10-2022,2022,10,18,Tuesday
1388,19-10-2022,2022,10,19,Wednesday
1389,20-10-2022,2022,10,20,Thursday
1390,21-10-2022,2022,10,21,Friday
1391,22-10-2022,2022,10,22,Saturday
1392,23-10-2022,2022,10,23,Sunday
1393,24-10-2022,2022,10,24,Monday
1394,25-10-2022,2022,10,25,Tuesday
1395,26-10-2022,2022,10,26,Wednesday
1396,27-10-2022,2022,10,27,Thursday
1397,28-10-2022,2022,10,28,Friday
1398,29-10-2022,2022,10,29,Saturday
1399,30-10-2022,2022,10,30,Sunday
1400,31-10-2022,2022,10,31,Monday
1401,01-11-2022,2022,11,1,Tuesday
1402,02-11-2022,2022,11,2,Wednesday
1403,03-11-2022,2022,11,3,Thursday
1404,04-11-2022,2022,11,4,Friday
1405,05-11-2022,2022,11,5,Saturday
1406,06-11-2022,2022,11,6,Sunday
1407,07-11-2022,2022,11,7,Monday
1408,08-11-2022,2022,11,8,Tuesday
1409,09-11-2022,2022,11,9,Wednesday
1410,10-11-2022,2022,11,10,Thursday
1411,11-11-2022,2022,11,11,Friday
1412,12-11-2022,2022,11,12,Saturday
1413,13-11-2022,2022,11,13,Sunday
1414,14-11-2022,2022,11,14,Monday
1415,15-11-2022,2022,11,15,Tuesday
1416,16-11-2022,2022,11,16,Wednesday
1417,17-11-2022,2022,11,17,Thursday
1418,18-11-2022,2022,11,18,Friday
1419,19-11-2022,2022,11,19,Saturday
1420,20-11-2022,2022,11,20,Sunday
1421,21-11-2022,2022,11,21,Monday
1422,22-11-2022,2022,11,22,Tuesday
1423,23-11-2022,2022,11,23,Wednesday
1424,24-11-2022,2022,11,24,Thursday
1425,25-11-2022,2022,11,25,Friday
1426,26-11-2022,2022,11,26,Saturday
1427,27-11-2022,2022,11,27,Sunday
1428,28-11-2022,2022,11,28,Monday
1429,29-11-2022,2022,11,29,Tuesday
1430,30-11-2022,2022,11,30,Wednesday
1431,01-12-2022,2022,12,1,Thursday
1432,02-12-2022,2022,12,2,Friday
1433,03-12-2022,2022,12,3,Saturday
1434,04-12-2022,2022,12,4,Sunday
1435,05-12-2022,2022,12,5,Monday
1436,06-12-2022,2022,12,6,Tuesday
1437,07-12-2022,2022,12,7,Wednesday
1438,08-12-2022,2022,12,8,Thursday
1439,09-12-2022,2022,12,9,Friday
1440,10-12-2022,2022,12,10,Saturday
1441,11-12-2022,2022,12,11,Sunday
1442,12-12-2022,2022,12,12,Monday
1443,13-12-2022,2022,12,13,Tuesday
1444,14-12-2022,2022,12,14,Wednesday
1445,15-12-2022,2022,12,15,Thursday
1446,16-12-2022,2022,12,16,Friday
1447,17-12-2022,2022,12,17,Saturday
1448,18-12-2022,2022,12,18,Sunday
1449,19-12-2022,2022,12,19,Monday
1450,20-12-2022,2022,12,20,Tuesday
1451,21-12-2022,2022,12,21,Wednesday
1452,22-12-2022,2022,12,22,Thursday
1453,23-12-2022,2022,12,23,Friday
1454,24-12-2022,2022,12,24,Saturday
1455,25-12-2022,2022,12,25,Sunday
1456,26-12-2022,2022,12,26,Monday
1457,27-12-2022,2022,12,27,Tuesday
1458,28-12-2022,2022,12,28,Wednesday
1459,29-12-2022,2022,12,29,Thursday
1460,30-12-2022,2022,12,30,Friday
1461,31-12-2022,2022,12,31,Saturday
1462,01-01-2023,2023,1,1,Sunday
1463,02-01-2023,2023,1,2,Monday
1464,03-01-2023,2023,1,3,Tuesday
1465,04-01-2023,2023,1,4,Wednesday
1466,05-01-2023,2023,1,5,Thursday
1467,06-01-2023,2023,1,6,Friday
1468,07-01-2023,2023,1,7,Saturday
1469,08-01-2023,2023,1,8,Sunday
1470,09-01-2023,2023,1,9,Monday
1471,10-01-2023,2023,1,10,Tuesday
1472,11-01-2023,2023,1,11,Wednesday
1473,12-01-2023,2023,1,12,Thursday
1474,13-01-2023,2023,1,13,Friday
1475,14-01-2023,2023,1,14,Saturday
1476,15-01-2023,2023,1,15,Sunday
1477,16-01-2023,2023,1,16,Monday
1478,17-01-2023,2023,1,17,Tuesday
1479,18-01-2023,2023,1,18,Wednesday
1480,19-01-2023,2023,1,19,Thursday
1481,20-01-2023,2023,1,20,Friday
1482,21-01-2023,2023,1,21,Saturday
1483,22-01-2023,2023,1,22,Sunday
1484,23-01-2023,2023,1,23,Monday
1485,24-01-2023,2023,1,24,Tuesday
1486,25-01-2023,2023,1,25,Wednesday
1487,26-01-2023,2023,1,26,Thursday
1488,27-01-2023,2023,1,27,Friday
1489,28-01-2023,2023,1,28,Saturday
1490,29-01-2023,2023,1,29,Sunday
1491,30-01-2023,2023,1,30,Monday
1492,31-01-2023,2023,1,31,Tuesday
1493,01-02-2023,2023,2,1,Wednesday
1494,02-02-2023,2023,2,2,Thursday
1495,03-02-2023,2023,2,3,Friday
1496,04-02-2023,2023,2,4,Saturday
1497,05-02-2023,2023,2,5,Sunday
1498,06-02-2023,2023,2,6,Monday
1499,07-02-2023,2023,2,7,Tuesday
1500,08-02-2023,2023,2,8,Wednesday
